customer_id,payment_date,amount,status
1,2024-04-24,897,paid
1,2024-05-24,897,paid
1,2024-06-24,897,paid
1,2024-07-24,897,paid
1,2024-08-24,897,paid
1,2024-09-24,897,paid
1,2024-10-24,897,paid
1,2024-11-24,897,paid
1,2024-12-24,897,failed
1,2025-01-24,897,paid
1,2025-02-24,897,paid
1,2025-03-24,897,paid
1,2025-04-24,897,paid
1,2025-05-24,897,paid
1,2025-06-24,897,failed
2,2024-08-16,1872,paid
2,2024-09-16,1872,failed
2,2024-10-16,1872,failed
2,2024-11-16,1872,paid
2,2024-12-16,1872,paid
2,2025-01-16,1872,paid
2,2025-02-16,1872,paid
2,2025-03-16,1872,paid
2,2025-04-16,1872,paid
2,2025-05-16,1872,paid
2,2025-06-16,1872,paid
3,2025-03-08,171,paid
3,2025-04-08,171,paid
3,2025-05-08,171,paid
3,2025-06-08,171,paid
4,2024-08-26,95,paid
4,2024-09-26,95,paid
4,2024-10-26,95,paid
4,2024-11-26,95,paid
4,2024-12-26,95,paid
4,2025-01-26,95,paid
4,2025-02-26,95,paid
4,2025-03-26,95,paid
4,2025-04-26,95,paid
4,2025-05-26,95,paid
4,2025-06-26,95,refunded
5,2024-08-13,3792,paid
5,2024-09-13,3792,paid
5,2024-10-13,3792,paid
5,2024-11-13,3792,paid
5,2024-12-13,3792,failed
5,2025-01-13,3792,paid
5,2025-02-13,3792,paid
5,2025-03-13,3792,paid
5,2025-04-13,3792,paid
5,2025-05-13,3792,paid
5,2025-06-13,3792,failed
6,2024-06-12,1014,paid
6,2024-07-12,1014,paid
6,2024-08-12,1014,paid
6,2024-09-12,1014,paid
7,2024-08-08,585,paid
7,2024-09-08,585,paid
7,2024-10-08,585,failed
7,2024-11-08,585,paid
8,2024-04-09,702,paid
8,2024-05-09,702,failed
8,2024-06-09,702,failed
8,2024-07-09,702,paid
8,2024-08-09,702,paid
8,2024-09-09,702,paid
8,2024-10-09,702,paid
8,2024-11-09,702,paid
8,2024-12-09,702,paid
8,2025-01-09,702,paid
8,2025-02-09,702,paid
8,2025-03-09,702,paid
8,2025-04-09,702,paid
8,2025-05-09,702,paid
8,2025-06-09,702,paid
9,2024-02-14,156,paid
9,2024-03-14,156,paid
9,2024-04-14,156,paid
9,2024-05-14,156,paid
9,2024-06-14,156,paid
9,2024-07-14,156,paid
9,2024-08-14,156,paid
9,2024-09-14,156,paid
9,2024-10-14,156,paid
9,2024-11-14,156,paid
9,2024-12-14,156,paid
9,2025-01-14,156,paid
9,2025-02-14,156,paid
9,2025-03-14,156,paid
9,2025-04-14,156,paid
9,2025-05-14,156,paid
9,2025-06-14,156,refunded
10,2024-03-21,190,paid
10,2024-04-21,190,paid
10,2024-05-21,190,paid
10,2024-06-21,190,failed
10,2024-07-21,190,refunded
10,2024-08-21,190,paid
10,2024-09-21,190,paid
10,2024-10-21,190,paid
10,2024-11-21,190,paid
10,2024-12-21,190,paid
10,2025-01-21,190,paid
10,2025-02-21,190,failed
10,2025-03-21,190,paid
10,2025-04-21,190,paid
10,2025-05-21,190,paid
10,2025-06-21,190,paid
11,2024-07-15,190,paid
11,2024-08-15,190,paid
11,2024-09-15,190,paid
11,2024-10-15,190,paid
12,2024-03-22,553,paid
12,2024-04-22,553,paid
12,2024-05-22,553,failed
12,2024-06-22,553,paid
12,2024-07-22,553,paid
12,2024-08-22,553,paid
12,2024-09-22,553,paid
12,2024-10-22,553,failed
12,2024-11-22,553,paid
12,2024-12-22,553,failed
12,2025-01-22,553,paid
12,2025-02-22,553,paid
12,2025-03-22,553,paid
12,2025-04-22,553,refunded
12,2025-05-22,553,paid
12,2025-06-22,553,paid
13,2025-04-09,152,failed
13,2025-05-09,152,paid
13,2025-06-09,152,paid
14,2024-08-02,1521,paid
14,2024-09-02,1521,paid
14,2024-10-02,1521,paid
14,2024-11-02,1521,paid
14,2024-12-02,1521,failed
14,2025-01-02,1521,paid
14,2025-02-02,1521,paid
14,2025-03-02,1521,failed
15,2025-06-30,38,paid
16,2024-10-03,114,paid
16,2024-11-03,114,paid
16,2024-12-03,114,paid
16,2025-01-03,114,paid
16,2025-02-03,114,paid
16,2025-03-03,114,paid
16,2025-04-03,114,paid
16,2025-05-03,114,paid
16,2025-06-03,114,refunded
17,2024-08-22,57,refunded
17,2024-09-22,57,paid
17,2024-10-22,57,paid
17,2024-11-22,57,paid
17,2024-12-22,57,paid
18,2024-03-08,19,paid
18,2024-04-08,19,paid
18,2024-05-08,19,failed
18,2024-06-08,19,paid
18,2024-07-08,19,failed
18,2024-08-08,19,paid
18,2024-09-08,19,paid
18,2024-10-08,19,paid
18,2024-11-08,19,failed
18,2024-12-08,19,paid
18,2025-01-08,19,paid
18,2025-02-08,19,paid
18,2025-03-08,19,paid
18,2025-04-08,19,paid
18,2025-05-08,19,refunded
18,2025-06-08,19,paid
19,2025-05-26,1404,paid
19,2025-06-26,1404,paid
20,2024-09-28,57,failed
20,2024-10-28,57,paid
20,2024-11-28,57,paid
20,2024-12-28,57,paid
21,2025-03-14,76,paid
21,2025-04-14,76,paid
21,2025-05-14,76,paid
21,2025-06-14,76,paid
22,2025-06-05,95,paid
23,2024-06-05,741,refunded
23,2024-07-05,741,refunded
23,2024-08-05,741,paid
23,2024-09-05,741,paid
23,2024-10-05,741,failed
23,2024-11-05,741,paid
23,2024-12-05,741,paid
23,2025-01-05,741,paid
23,2025-02-05,741,paid
23,2025-03-05,741,failed
23,2025-04-05,741,paid
23,2025-05-05,741,paid
23,2025-06-05,741,paid
24,2025-01-29,171,paid
24,2025-02-28,171,paid
24,2025-03-28,171,paid
24,2025-04-28,171,paid
24,2025-05-28,171,paid
24,2025-06-28,171,paid
25,2024-01-12,95,paid
25,2024-02-12,95,paid
25,2024-03-12,95,paid
25,2024-04-12,95,paid
25,2024-05-12,95,paid
25,2024-06-12,95,paid
25,2024-07-12,95,paid
25,2024-08-12,95,paid
25,2024-09-12,95,paid
25,2024-10-12,95,paid
25,2024-11-12,95,paid
25,2024-12-12,95,paid
25,2025-01-12,95,paid
25,2025-02-12,95,paid
25,2025-03-12,95,paid
25,2025-04-12,95,paid
25,2025-05-12,95,paid
25,2025-06-12,95,paid
26,2024-12-14,312,failed
26,2025-01-14,312,paid
26,2025-02-14,312,paid
26,2025-03-14,312,paid
26,2025-04-14,312,paid
26,2025-05-14,312,paid
26,2025-06-14,312,paid
27,2025-04-09,1560,failed
27,2025-05-09,1560,paid
27,2025-06-09,1560,failed
28,2025-06-03,948,paid
29,2024-06-05,190,paid
29,2024-07-05,190,paid
29,2024-08-05,190,refunded
29,2024-09-05,190,paid
29,2024-10-05,190,paid
29,2024-11-05,190,paid
29,2024-12-05,190,paid
29,2025-01-05,190,paid
29,2025-02-05,190,paid
29,2025-03-05,190,paid
29,2025-04-05,190,paid
29,2025-05-05,190,paid
29,2025-06-05,190,paid
30,2024-11-27,1521,paid
30,2024-12-27,1521,paid
30,2025-01-27,1521,paid
30,2025-02-27,1521,paid
30,2025-03-27,1521,paid
30,2025-04-27,1521,paid
30,2025-05-27,1521,paid
31,2024-11-10,19,paid
31,2024-12-10,19,paid
31,2025-01-10,19,paid
31,2025-02-10,19,paid
31,2025-03-10,19,paid
31,2025-04-10,19,paid
31,2025-05-10,19,paid
31,2025-06-10,19,paid
32,2024-03-28,76,paid
32,2024-04-28,76,paid
32,2024-05-28,76,paid
32,2024-06-28,76,paid
32,2024-07-28,76,paid
32,2024-08-28,76,paid
33,2024-05-11,1638,paid
33,2024-06-11,1638,paid
33,2024-07-11,1638,failed
33,2024-08-11,1638,paid
33,2024-09-11,1638,paid
33,2024-10-11,1638,paid
33,2024-11-11,1638,paid
33,2024-12-11,1638,paid
34,2025-06-24,1326,paid
35,2024-11-15,2923,paid
35,2024-12-15,2923,paid
35,2025-01-15,2923,paid
35,2025-02-15,2923,paid
35,2025-03-15,2923,paid
35,2025-04-15,2923,paid
35,2025-05-15,2923,paid
35,2025-06-15,2923,paid
36,2025-06-13,95,paid
37,2024-03-06,95,paid
37,2024-04-06,95,paid
37,2024-05-06,95,paid
37,2024-06-06,95,paid
37,2024-07-06,95,paid
37,2024-08-06,95,paid
37,2024-09-06,95,paid
37,2024-10-06,95,paid
38,2024-08-13,57,paid
38,2024-09-13,57,paid
39,2024-03-10,152,paid
39,2024-04-10,152,paid
39,2024-05-10,152,paid
39,2024-06-10,152,paid
39,2024-07-10,152,paid
39,2024-08-10,152,paid
39,2024-09-10,152,paid
39,2024-10-10,152,paid
39,2024-11-10,152,paid
39,2024-12-10,152,paid
39,2025-01-10,152,paid
39,2025-02-10,152,paid
39,2025-03-10,152,paid
39,2025-04-10,152,paid
39,2025-05-10,152,paid
39,2025-06-10,152,paid
40,2024-10-12,114,paid
40,2024-11-12,114,paid
40,2024-12-12,114,paid
40,2025-01-12,114,paid
40,2025-02-12,114,refunded
40,2025-03-12,114,paid
40,2025-04-12,114,paid
40,2025-05-12,114,paid
40,2025-06-12,114,paid
41,2025-04-29,1872,paid
41,2025-05-29,1872,paid
41,2025-06-29,1872,paid
42,2024-04-06,114,paid
42,2024-05-06,114,paid
42,2024-06-06,114,paid
42,2024-07-06,114,paid
42,2024-08-06,114,paid
42,2024-09-06,114,paid
42,2024-10-06,114,refunded
42,2024-11-06,114,paid
42,2024-12-06,114,paid
42,2025-01-06,114,failed
42,2025-02-06,114,paid
42,2025-03-06,114,paid
42,2025-04-06,114,paid
42,2025-05-06,114,paid
42,2025-06-06,114,paid
43,2025-03-09,2054,failed
43,2025-04-09,2054,paid
43,2025-05-09,2054,paid
43,2025-06-09,2054,paid
44,2024-03-03,351,paid
44,2024-04-03,351,paid
44,2024-05-03,351,paid
44,2024-06-03,351,paid
44,2024-07-03,351,paid
44,2024-08-03,351,paid
44,2024-09-03,351,paid
44,2024-10-03,351,paid
44,2024-11-03,351,paid
44,2024-12-03,351,paid
44,2025-01-03,351,paid
44,2025-02-03,351,paid
44,2025-03-03,351,paid
44,2025-04-03,351,paid
44,2025-05-03,351,paid
44,2025-06-03,351,paid
45,2024-09-11,38,paid
45,2024-10-11,38,refunded
45,2024-11-11,38,paid
45,2024-12-11,38,paid
45,2025-01-11,38,paid
45,2025-02-11,38,paid
45,2025-03-11,38,paid
45,2025-04-11,38,paid
45,2025-05-11,38,paid
46,2024-05-23,76,paid
46,2024-06-23,76,paid
46,2024-07-23,76,failed
46,2024-08-23,76,paid
46,2024-09-23,76,failed
46,2024-10-23,76,paid
46,2024-11-23,76,paid
46,2024-12-23,76,failed
46,2025-01-23,76,paid
46,2025-02-23,76,paid
46,2025-03-23,76,paid
46,2025-04-23,76,paid
46,2025-05-23,76,paid
46,2025-06-23,76,paid
47,2024-09-12,95,paid
47,2024-10-12,95,paid
48,2024-02-21,3318,paid
48,2024-03-21,3318,paid
48,2024-04-21,3318,paid
48,2024-05-21,3318,paid
48,2024-06-21,3318,paid
48,2024-07-21,3318,paid
48,2024-08-21,3318,paid
48,2024-09-21,3318,paid
48,2024-10-21,3318,paid
48,2024-11-21,3318,paid
48,2024-12-21,3318,paid
48,2025-01-21,3318,paid
48,2025-02-21,3318,paid
48,2025-03-21,3318,paid
48,2025-04-21,3318,paid
48,2025-05-21,3318,paid
48,2025-06-21,3318,paid
49,2025-02-20,57,paid
49,2025-03-20,57,paid
49,2025-04-20,57,failed
49,2025-05-20,57,paid
49,2025-06-20,57,paid
50,2024-03-01,585,failed
50,2024-04-01,585,paid
50,2024-05-01,585,paid
50,2024-06-01,585,paid
50,2024-07-01,585,paid
50,2024-08-01,585,paid
50,2024-09-01,585,paid
51,2024-09-28,1326,paid
51,2024-10-28,1326,paid
51,2024-11-28,1326,paid
51,2024-12-28,1326,paid
51,2025-01-28,1326,paid
51,2025-02-28,1326,paid
51,2025-03-28,1326,paid
51,2025-04-28,1326,paid
51,2025-05-28,1326,paid
51,2025-06-28,1326,paid
52,2024-06-07,2528,paid
52,2024-07-07,2528,paid
52,2024-08-07,2528,paid
52,2024-09-07,2528,paid
52,2024-10-07,2528,paid
52,2024-11-07,2528,paid
52,2024-12-07,2528,paid
52,2025-01-07,2528,paid
52,2025-02-07,2528,paid
52,2025-03-07,2528,paid
52,2025-04-07,2528,paid
52,2025-05-07,2528,paid
52,2025-06-07,2528,paid
53,2024-03-03,95,paid
53,2024-04-03,95,paid
53,2024-05-03,95,paid
53,2024-06-03,95,paid
53,2024-07-03,95,failed
53,2024-08-03,95,paid
53,2024-09-03,95,paid
53,2024-10-03,95,paid
53,2024-11-03,95,failed
53,2024-12-03,95,paid
53,2025-01-03,95,paid
53,2025-02-03,95,paid
53,2025-03-03,95,paid
53,2025-04-03,95,paid
53,2025-05-03,95,paid
53,2025-06-03,95,failed
54,2025-05-29,38,paid
54,2025-06-29,38,paid
55,2024-07-09,2765,failed
55,2024-08-09,2765,paid
55,2024-09-09,2765,paid
55,2024-10-09,2765,paid
55,2024-11-09,2765,paid
55,2024-12-09,2765,paid
55,2025-01-09,2765,paid
55,2025-02-09,2765,failed
55,2025-03-09,2765,failed
55,2025-04-09,2765,paid
55,2025-05-09,2765,paid
55,2025-06-09,2765,refunded
56,2025-02-17,76,paid
56,2025-03-17,76,paid
56,2025-04-17,76,failed
56,2025-05-17,76,paid
56,2025-06-17,76,paid
57,2024-03-24,19,paid
57,2024-04-24,19,paid
57,2024-05-24,19,paid
57,2024-06-24,19,paid
57,2024-07-24,19,paid
57,2024-08-24,19,paid
57,2024-09-24,19,paid
58,2024-09-24,190,paid
58,2024-10-24,190,paid
58,2024-11-24,190,failed
58,2024-12-24,190,paid
58,2025-01-24,190,paid
58,2025-02-24,190,paid
58,2025-03-24,190,paid
58,2025-04-24,190,paid
58,2025-05-24,190,paid
58,2025-06-24,190,paid
59,2024-09-28,1659,paid
59,2024-10-28,1659,paid
59,2024-11-28,1659,paid
59,2024-12-28,1659,failed
59,2025-01-28,1659,paid
59,2025-02-28,1659,paid
59,2025-03-28,1659,paid
59,2025-04-28,1659,paid
59,2025-05-28,1659,paid
60,2024-11-19,351,paid
60,2024-12-19,351,failed
60,2025-01-19,351,paid
60,2025-02-19,351,paid
60,2025-03-19,351,paid
60,2025-04-19,351,refunded
60,2025-05-19,351,paid
60,2025-06-19,351,paid
61,2024-03-16,95,paid
61,2024-04-16,95,paid
61,2024-05-16,95,paid
61,2024-06-16,95,paid
61,2024-07-16,95,paid
61,2024-08-16,95,paid
61,2024-09-16,95,paid
61,2024-10-16,95,paid
61,2024-11-16,95,paid
61,2024-12-16,95,paid
61,2025-01-16,95,paid
61,2025-02-16,95,paid
61,2025-03-16,95,paid
61,2025-04-16,95,paid
61,2025-05-16,95,paid
61,2025-06-16,95,paid
62,2024-12-23,1092,paid
62,2025-01-23,1092,paid
62,2025-02-23,1092,paid
62,2025-03-23,1092,failed
62,2025-04-23,1092,paid
62,2025-05-23,1092,paid
62,2025-06-23,1092,paid
63,2024-06-10,133,paid
63,2024-07-10,133,paid
63,2024-08-10,133,paid
63,2024-09-10,133,paid
63,2024-10-10,133,paid
63,2024-11-10,133,paid
63,2024-12-10,133,paid
63,2025-01-10,133,paid
63,2025-02-10,133,paid
63,2025-03-10,133,paid
63,2025-04-10,133,paid
63,2025-05-10,133,paid
63,2025-06-10,133,paid
64,2024-11-02,171,paid
64,2024-12-02,171,paid
64,2025-01-02,171,paid
64,2025-02-02,171,paid
64,2025-03-02,171,paid
64,2025-04-02,171,paid
64,2025-05-02,171,paid
64,2025-06-02,171,paid
65,2024-04-19,38,paid
65,2024-05-19,38,paid
65,2024-06-19,38,paid
65,2024-07-19,38,paid
65,2024-08-19,38,paid
65,2024-09-19,38,paid
66,2024-12-17,152,paid
66,2025-01-17,152,paid
66,2025-02-17,152,paid
66,2025-03-17,152,paid
66,2025-04-17,152,paid
66,2025-05-17,152,paid
66,2025-06-17,152,paid
67,2024-09-14,1638,paid
67,2024-10-14,1638,paid
67,2024-11-14,1638,paid
67,2024-12-14,1638,paid
67,2025-01-14,1638,paid
67,2025-02-14,1638,paid
68,2024-02-15,390,paid
68,2024-03-15,390,paid
68,2024-04-15,390,paid
68,2024-05-15,390,paid
68,2024-06-15,390,failed
68,2024-07-15,390,paid
68,2024-08-15,390,paid
68,2024-09-15,390,paid
68,2024-10-15,390,paid
68,2024-11-15,390,paid
68,2024-12-15,390,paid
68,2025-01-15,390,paid
68,2025-02-15,390,paid
68,2025-03-15,390,paid
68,2025-04-15,390,paid
68,2025-05-15,390,paid
68,2025-06-15,390,paid
69,2024-06-14,133,paid
69,2024-07-14,133,paid
69,2024-08-14,133,refunded
70,2024-04-24,114,paid
70,2024-05-24,114,paid
70,2024-06-24,114,paid
70,2024-07-24,114,paid
70,2024-08-24,114,failed
70,2024-09-24,114,paid
70,2024-10-24,114,paid
70,2024-11-24,114,paid
70,2024-12-24,114,paid
70,2025-01-24,114,paid
70,2025-02-24,114,paid
70,2025-03-24,114,paid
70,2025-04-24,114,paid
70,2025-05-24,114,paid
70,2025-06-24,114,failed
71,2025-01-13,1014,paid
71,2025-02-13,1014,paid
71,2025-03-13,1014,paid
71,2025-04-13,1014,paid
71,2025-05-13,1014,paid
71,2025-06-13,1014,failed
72,2024-11-11,1599,paid
72,2024-12-11,1599,paid
72,2025-01-11,1599,paid
72,2025-02-11,1599,paid
72,2025-03-11,1599,paid
73,2024-09-12,195,paid
73,2024-10-12,195,paid
73,2024-11-12,195,paid
73,2024-12-12,195,paid
73,2025-01-12,195,paid
73,2025-02-12,195,paid
73,2025-03-12,195,paid
73,2025-04-12,195,paid
73,2025-05-12,195,paid
73,2025-06-12,195,paid
74,2024-06-07,57,paid
74,2024-07-07,57,paid
74,2024-08-07,57,failed
74,2024-09-07,57,paid
74,2024-10-07,57,paid
74,2024-11-07,57,paid
74,2024-12-07,57,paid
74,2025-01-07,57,paid
74,2025-02-07,57,paid
74,2025-03-07,57,paid
74,2025-04-07,57,paid
74,2025-05-07,57,paid
74,2025-06-07,57,paid
75,2024-01-26,1287,paid
75,2024-02-26,1287,paid
75,2024-03-26,1287,paid
75,2024-04-26,1287,paid
75,2024-05-26,1287,paid
75,2024-06-26,1287,paid
75,2024-07-26,1287,paid
75,2024-08-26,1287,paid
75,2024-09-26,1287,paid
75,2024-10-26,1287,paid
75,2024-11-26,1287,paid
75,2024-12-26,1287,paid
75,2025-01-26,1287,paid
75,2025-02-26,1287,paid
75,2025-03-26,1287,failed
75,2025-04-26,1287,paid
75,2025-05-26,1287,failed
75,2025-06-26,1287,paid
76,2024-09-11,468,paid
76,2024-10-11,468,paid
76,2024-11-11,468,paid
76,2024-12-11,468,paid
76,2025-01-11,468,paid
76,2025-02-11,468,paid
76,2025-03-11,468,paid
76,2025-04-11,468,paid
76,2025-05-11,468,paid
76,2025-06-11,468,paid
77,2024-02-09,1365,paid
77,2024-03-09,1365,refunded
77,2024-04-09,1365,failed
77,2024-05-09,1365,paid
77,2024-06-09,1365,paid
77,2024-07-09,1365,failed
77,2024-08-09,1365,paid
77,2024-09-09,1365,paid
77,2024-10-09,1365,failed
77,2024-11-09,1365,paid
77,2024-12-09,1365,paid
77,2025-01-09,1365,paid
77,2025-02-09,1365,failed
77,2025-03-09,1365,refunded
77,2025-04-09,1365,failed
77,2025-05-09,1365,paid
77,2025-06-09,1365,paid
78,2024-12-24,57,paid
78,2025-01-24,57,paid
78,2025-02-24,57,paid
78,2025-03-24,57,paid
78,2025-04-24,57,paid
78,2025-05-24,57,paid
78,2025-06-24,57,paid
79,2024-07-16,190,paid
79,2024-08-16,190,paid
79,2024-09-16,190,paid
79,2024-10-16,190,paid
79,2024-11-16,190,paid
79,2024-12-16,190,paid
79,2025-01-16,190,paid
79,2025-02-16,190,paid
79,2025-03-16,190,paid
79,2025-04-16,190,paid
79,2025-05-16,190,paid
79,2025-06-16,190,paid
80,2024-10-12,1560,paid
80,2024-11-12,1560,paid
80,2024-12-12,1560,paid
80,2025-01-12,1560,paid
80,2025-02-12,1560,paid
80,2025-03-12,1560,paid
80,2025-04-12,1560,failed
81,2024-12-05,171,paid
81,2025-01-05,171,refunded
81,2025-02-05,171,paid
81,2025-03-05,171,paid
81,2025-04-05,171,paid
81,2025-05-05,171,paid
81,2025-06-05,171,paid
82,2024-09-28,1872,paid
82,2024-10-28,1872,refunded
82,2024-11-28,1872,paid
82,2024-12-28,1872,paid
82,2025-01-28,1872,paid
82,2025-02-28,1872,paid
82,2025-03-28,1872,paid
82,2025-04-28,1872,paid
82,2025-05-28,1872,paid
82,2025-06-28,1872,paid
83,2024-12-19,1287,paid
83,2025-01-19,1287,paid
83,2025-02-19,1287,paid
83,2025-03-19,1287,paid
83,2025-04-19,1287,refunded
83,2025-05-19,1287,paid
83,2025-06-19,1287,paid
84,2025-01-29,936,paid
84,2025-02-28,936,paid
84,2025-03-28,936,failed
84,2025-04-28,936,paid
84,2025-05-28,936,paid
84,2025-06-28,936,paid
85,2024-01-02,1131,paid
85,2024-02-02,1131,failed
85,2024-03-02,1131,paid
85,2024-04-02,1131,paid
85,2024-05-02,1131,paid
85,2024-06-02,1131,refunded
85,2024-07-02,1131,paid
85,2024-08-02,1131,failed
85,2024-09-02,1131,paid
85,2024-10-02,1131,paid
85,2024-11-02,1131,paid
85,2024-12-02,1131,paid
85,2025-01-02,1131,paid
85,2025-02-02,1131,paid
85,2025-03-02,1131,paid
85,2025-04-02,1131,paid
85,2025-05-02,1131,paid
85,2025-06-02,1131,paid
86,2024-12-04,1911,failed
86,2025-01-04,1911,paid
86,2025-02-04,1911,failed
86,2025-03-04,1911,refunded
86,2025-04-04,1911,paid
86,2025-05-04,1911,paid
86,2025-06-04,1911,paid
87,2025-06-03,3397,paid
88,2025-02-16,152,paid
88,2025-03-16,152,paid
88,2025-04-16,152,paid
88,2025-05-16,152,paid
88,2025-06-16,152,paid
89,2025-03-06,190,paid
89,2025-04-06,190,paid
89,2025-05-06,190,paid
89,2025-06-06,190,paid
90,2025-02-19,1911,paid
90,2025-03-19,1911,paid
90,2025-04-19,1911,paid
90,2025-05-19,1911,failed
90,2025-06-19,1911,paid
91,2025-03-16,57,paid
91,2025-04-16,57,paid
91,2025-05-16,57,paid
91,2025-06-16,57,paid
92,2024-08-06,1911,paid
92,2024-09-06,1911,paid
92,2024-10-06,1911,paid
92,2024-11-06,1911,paid
92,2024-12-06,1911,paid
92,2025-01-06,1911,paid
92,2025-02-06,1911,paid
92,2025-03-06,1911,paid
92,2025-04-06,1911,paid
92,2025-05-06,1911,paid
92,2025-06-06,1911,paid
93,2024-10-17,1053,paid
93,2024-11-17,1053,paid
93,2024-12-17,1053,paid
93,2025-01-17,1053,paid
93,2025-02-17,1053,paid
93,2025-03-17,1053,paid
93,2025-04-17,1053,paid
93,2025-05-17,1053,paid
93,2025-06-17,1053,paid
94,2024-08-18,76,paid
94,2024-09-18,76,paid
94,2024-10-18,76,paid
94,2024-11-18,76,paid
94,2024-12-18,76,paid
94,2025-01-18,76,paid
94,2025-02-18,76,paid
94,2025-03-18,76,paid
94,2025-04-18,76,paid
94,2025-05-18,76,paid
94,2025-06-18,76,paid
95,2024-09-07,38,paid
95,2024-10-07,38,paid
95,2024-11-07,38,paid
95,2024-12-07,38,paid
95,2025-01-07,38,paid
95,2025-02-07,38,paid
95,2025-03-07,38,paid
95,2025-04-07,38,paid
95,2025-05-07,38,paid
95,2025-06-07,38,paid
96,2025-02-28,152,paid
96,2025-03-28,152,paid
96,2025-04-28,152,paid
96,2025-05-28,152,refunded
96,2025-06-28,152,paid
97,2025-02-13,57,paid
97,2025-03-13,57,paid
97,2025-04-13,57,paid
97,2025-05-13,57,paid
97,2025-06-13,57,paid
98,2025-03-11,76,paid
98,2025-04-11,76,paid
98,2025-05-11,76,failed
98,2025-06-11,76,paid
99,2024-02-21,19,paid
99,2024-03-21,19,failed
99,2024-04-21,19,paid
99,2024-05-21,19,failed
99,2024-06-21,19,paid
99,2024-07-21,19,paid
99,2024-08-21,19,paid
99,2024-09-21,19,paid
99,2024-10-21,19,paid
100,2025-04-20,624,paid
100,2025-05-20,624,paid
100,2025-06-20,624,paid
101,2025-04-01,1404,paid
101,2025-05-01,1404,paid
101,2025-06-01,1404,refunded
102,2024-09-22,57,failed
102,2024-10-22,57,paid
102,2024-11-22,57,paid
102,2024-12-22,57,paid
102,2025-01-22,57,paid
102,2025-02-22,57,paid
102,2025-03-22,57,paid
102,2025-04-22,57,paid
102,2025-05-22,57,paid
102,2025-06-22,57,paid
103,2024-09-01,171,paid
103,2024-10-01,171,paid
103,2024-11-01,171,refunded
103,2024-12-01,171,paid
103,2025-01-01,171,paid
103,2025-02-01,171,paid
103,2025-03-01,171,paid
104,2024-08-28,95,paid
104,2024-09-28,95,paid
104,2024-10-28,95,paid
104,2024-11-28,95,paid
104,2024-12-28,95,paid
104,2025-01-28,95,paid
104,2025-02-28,95,failed
104,2025-03-28,95,paid
104,2025-04-28,95,paid
104,2025-05-28,95,failed
104,2025-06-28,95,paid
105,2024-05-21,585,paid
105,2024-06-21,585,paid
105,2024-07-21,585,paid
105,2024-08-21,585,refunded
105,2024-09-21,585,paid
105,2024-10-21,585,paid
105,2024-11-21,585,paid
105,2024-12-21,585,paid
105,2025-01-21,585,paid
105,2025-02-21,585,paid
105,2025-03-21,585,paid
105,2025-04-21,585,paid
105,2025-05-21,585,paid
105,2025-06-21,585,failed
106,2024-08-07,1580,paid
106,2024-09-07,1580,paid
106,2024-10-07,1580,paid
106,2024-11-07,1580,paid
106,2024-12-07,1580,paid
106,2025-01-07,1580,paid
106,2025-02-07,1580,paid
106,2025-03-07,1580,paid
106,2025-04-07,1580,paid
106,2025-05-07,1580,failed
106,2025-06-07,1580,paid
107,2025-04-22,663,paid
107,2025-05-22,663,paid
107,2025-06-22,663,paid
108,2025-02-02,1738,paid
108,2025-03-02,1738,paid
108,2025-04-02,1738,paid
108,2025-05-02,1738,paid
108,2025-06-02,1738,paid
109,2024-01-07,1833,paid
109,2024-02-07,1833,paid
109,2024-03-07,1833,paid
109,2024-04-07,1833,paid
109,2024-05-07,1833,paid
110,2024-08-13,1287,paid
110,2024-09-13,1287,paid
110,2024-10-13,1287,paid
110,2024-11-13,1287,paid
110,2024-12-13,1287,paid
110,2025-01-13,1287,paid
110,2025-02-13,1287,paid
111,2025-05-12,95,paid
111,2025-06-12,95,paid
112,2024-06-18,133,paid
112,2024-07-18,133,paid
112,2024-08-18,133,paid
112,2024-09-18,133,paid
112,2024-10-18,133,paid
112,2024-11-18,133,refunded
112,2024-12-18,133,paid
112,2025-01-18,133,paid
113,2025-02-07,468,paid
113,2025-03-07,468,paid
113,2025-04-07,468,paid
113,2025-05-07,468,paid
113,2025-06-07,468,paid
114,2025-04-17,95,paid
114,2025-05-17,95,paid
114,2025-06-17,95,paid
115,2024-12-01,632,paid
115,2025-01-01,632,paid
115,2025-02-01,632,paid
115,2025-03-01,632,paid
115,2025-04-01,632,paid
115,2025-05-01,632,paid
115,2025-06-01,632,paid
116,2025-01-23,152,paid
116,2025-02-23,152,paid
116,2025-03-23,152,paid
116,2025-04-23,152,paid
116,2025-05-23,152,paid
116,2025-06-23,152,paid
117,2025-04-26,1950,failed
117,2025-05-26,1950,paid
117,2025-06-26,1950,paid
118,2024-12-24,171,paid
118,2025-01-24,171,paid
118,2025-02-24,171,paid
118,2025-03-24,171,paid
118,2025-04-24,171,paid
119,2024-02-01,171,paid
119,2024-03-01,171,paid
119,2024-04-01,171,paid
119,2024-05-01,171,paid
119,2024-06-01,171,paid
119,2024-07-01,171,paid
119,2024-08-01,171,paid
119,2024-09-01,171,paid
119,2024-10-01,171,paid
119,2024-11-01,171,paid
119,2024-12-01,171,paid
119,2025-01-01,171,paid
119,2025-02-01,171,paid
119,2025-03-01,171,paid
119,2025-04-01,171,paid
119,2025-05-01,171,refunded
119,2025-06-01,171,paid
120,2024-09-01,429,paid
120,2024-10-01,429,paid
120,2024-11-01,429,paid
120,2024-12-01,429,paid
120,2025-01-01,429,paid
120,2025-02-01,429,paid
120,2025-03-01,429,paid
120,2025-04-01,429,refunded
120,2025-05-01,429,refunded
120,2025-06-01,429,paid
121,2025-04-21,190,paid
121,2025-05-21,190,paid
121,2025-06-21,190,paid
122,2024-06-16,19,paid
122,2024-07-16,19,paid
122,2024-08-16,19,paid
122,2024-09-16,19,paid
122,2024-10-16,19,paid
122,2024-11-16,19,paid
122,2024-12-16,19,paid
122,2025-01-16,19,paid
122,2025-02-16,19,paid
122,2025-03-16,19,refunded
122,2025-04-16,19,paid
122,2025-05-16,19,paid
122,2025-06-16,19,paid
123,2024-11-15,1404,paid
123,2024-12-15,1404,paid
123,2025-01-15,1404,paid
123,2025-02-15,1404,paid
123,2025-03-15,1404,failed
123,2025-04-15,1404,paid
123,2025-05-15,1404,paid
123,2025-06-15,1404,paid
124,2024-09-05,19,failed
124,2024-10-05,19,paid
124,2024-11-05,19,paid
124,2024-12-05,19,paid
124,2025-01-05,19,paid
125,2024-02-12,152,paid
125,2024-03-12,152,paid
125,2024-04-12,152,failed
125,2024-05-12,152,paid
125,2024-06-12,152,paid
125,2024-07-12,152,refunded
125,2024-08-12,152,paid
126,2024-03-11,57,paid
126,2024-04-11,57,paid
126,2024-05-11,57,paid
126,2024-06-11,57,paid
126,2024-07-11,57,paid
126,2024-08-11,57,paid
126,2024-09-11,57,paid
126,2024-10-11,57,paid
126,2024-11-11,57,paid
126,2024-12-11,57,paid
126,2025-01-11,57,failed
126,2025-02-11,57,paid
126,2025-03-11,57,paid
126,2025-04-11,57,paid
126,2025-05-11,57,paid
126,2025-06-11,57,paid
127,2024-04-18,171,failed
127,2024-05-18,171,paid
127,2024-06-18,171,paid
127,2024-07-18,171,paid
127,2024-08-18,171,paid
127,2024-09-18,171,paid
127,2024-10-18,171,paid
127,2024-11-18,171,paid
127,2024-12-18,171,paid
127,2025-01-18,171,paid
127,2025-02-18,171,paid
127,2025-03-18,171,paid
127,2025-04-18,171,paid
127,2025-05-18,171,paid
127,2025-06-18,171,paid
128,2025-03-21,1027,paid
128,2025-04-21,1027,paid
128,2025-05-21,1027,paid
128,2025-06-21,1027,paid
129,2025-05-10,152,paid
129,2025-06-10,152,paid
130,2024-11-26,819,paid
130,2024-12-26,819,paid
130,2025-01-26,819,paid
130,2025-02-26,819,paid
130,2025-03-26,819,paid
130,2025-04-26,819,paid
130,2025-05-26,819,failed
130,2025-06-26,819,paid
131,2024-09-06,19,paid
131,2024-10-06,19,paid
131,2024-11-06,19,failed
131,2024-12-06,19,paid
131,2025-01-06,19,paid
131,2025-02-06,19,paid
131,2025-03-06,19,paid
131,2025-04-06,19,refunded
131,2025-05-06,19,failed
131,2025-06-06,19,paid
132,2024-12-10,632,failed
132,2025-01-10,632,paid
132,2025-02-10,632,paid
132,2025-03-10,632,paid
132,2025-04-10,632,paid
132,2025-05-10,632,paid
132,2025-06-10,632,paid
133,2025-05-14,1443,paid
133,2025-06-14,1443,paid
134,2024-10-13,195,paid
134,2024-11-13,195,paid
134,2024-12-13,195,paid
134,2025-01-13,195,paid
134,2025-02-13,195,failed
134,2025-03-13,195,paid
134,2025-04-13,195,paid
134,2025-05-13,195,paid
134,2025-06-13,195,paid
135,2024-03-28,1106,paid
135,2024-04-28,1106,paid
135,2024-05-28,1106,paid
135,2024-06-28,1106,failed
135,2024-07-28,1106,paid
135,2024-08-28,1106,paid
135,2024-09-28,1106,paid
135,2024-10-28,1106,paid
135,2024-11-28,1106,paid
135,2024-12-28,1106,paid
135,2025-01-28,1106,failed
135,2025-02-28,1106,paid
135,2025-03-28,1106,paid
135,2025-04-28,1106,paid
135,2025-05-28,1106,paid
135,2025-06-28,1106,paid
136,2024-09-03,19,paid
136,2024-10-03,19,paid
136,2024-11-03,19,paid
136,2024-12-03,19,refunded
137,2024-01-18,2212,paid
137,2024-02-18,2212,refunded
137,2024-03-18,2212,paid
137,2024-04-18,2212,paid
137,2024-05-18,2212,paid
137,2024-06-18,2212,paid
137,2024-07-18,2212,paid
137,2024-08-18,2212,paid
137,2024-09-18,2212,paid
137,2024-10-18,2212,paid
137,2024-11-18,2212,paid
137,2024-12-18,2212,paid
137,2025-01-18,2212,paid
137,2025-02-18,2212,paid
137,2025-03-18,2212,paid
137,2025-04-18,2212,paid
137,2025-05-18,2212,paid
137,2025-06-18,2212,paid
138,2024-09-06,546,paid
138,2024-10-06,546,paid
138,2024-11-06,546,paid
138,2024-12-06,546,paid
138,2025-01-06,546,paid
138,2025-02-06,546,paid
138,2025-03-06,546,paid
138,2025-04-06,546,paid
138,2025-05-06,546,paid
138,2025-06-06,546,paid
139,2025-04-29,1659,paid
139,2025-05-29,1659,paid
139,2025-06-29,1659,paid
140,2024-12-26,237,paid
140,2025-01-26,237,paid
140,2025-02-26,237,paid
140,2025-03-26,237,paid
140,2025-04-26,237,paid
140,2025-05-26,237,paid
140,2025-06-26,237,paid
141,2024-08-24,190,paid
141,2024-09-24,190,paid
141,2024-10-24,190,paid
141,2024-11-24,190,paid
141,2024-12-24,190,paid
141,2025-01-24,190,paid
141,2025-02-24,190,paid
141,2025-03-24,190,paid
141,2025-04-24,190,paid
141,2025-05-24,190,failed
141,2025-06-24,190,paid
142,2024-05-02,95,paid
142,2024-06-02,95,paid
142,2024-07-02,95,paid
142,2024-08-02,95,paid
142,2024-09-02,95,paid
142,2024-10-02,95,failed
142,2024-11-02,95,paid
143,2024-10-10,171,failed
143,2024-11-10,171,paid
143,2024-12-10,171,paid
143,2025-01-10,171,paid
143,2025-02-10,171,paid
143,2025-03-10,171,paid
143,2025-04-10,171,paid
143,2025-05-10,171,paid
143,2025-06-10,171,paid
144,2024-08-20,429,paid
144,2024-09-20,429,paid
144,2024-10-20,429,paid
144,2024-11-20,429,paid
144,2024-12-20,429,paid
144,2025-01-20,429,paid
144,2025-02-20,429,paid
144,2025-03-20,429,paid
144,2025-04-20,429,paid
144,2025-05-20,429,paid
144,2025-06-20,429,paid
145,2025-06-30,2528,paid
146,2024-10-26,114,paid
146,2024-11-26,114,paid
146,2024-12-26,114,failed
147,2024-01-13,152,paid
147,2024-02-13,152,paid
147,2024-03-13,152,paid
147,2024-04-13,152,paid
147,2024-05-13,152,paid
147,2024-06-13,152,failed
147,2024-07-13,152,paid
147,2024-08-13,152,paid
147,2024-09-13,152,paid
147,2024-10-13,152,paid
147,2024-11-13,152,paid
147,2024-12-13,152,paid
147,2025-01-13,152,paid
147,2025-02-13,152,paid
147,2025-03-13,152,failed
147,2025-04-13,152,paid
147,2025-05-13,152,paid
147,2025-06-13,152,paid
148,2024-12-14,1872,paid
148,2025-01-14,1872,paid
148,2025-02-14,1872,paid
148,2025-03-14,1872,paid
148,2025-04-14,1872,paid
148,2025-05-14,1872,paid
148,2025-06-14,1872,paid
149,2024-04-26,95,paid
149,2024-05-26,95,paid
149,2024-06-26,95,paid
149,2024-07-26,95,paid
149,2024-08-26,95,paid
149,2024-09-26,95,paid
149,2024-10-26,95,paid
150,2024-02-24,585,paid
150,2024-03-24,585,paid
150,2024-04-24,585,paid
150,2024-05-24,585,paid
150,2024-06-24,585,paid
150,2024-07-24,585,paid
150,2024-08-24,585,paid
150,2024-09-24,585,refunded
150,2024-10-24,585,paid
150,2024-11-24,585,paid
150,2024-12-24,585,paid
150,2025-01-24,585,paid
150,2025-02-24,585,paid
150,2025-03-24,585,paid
150,2025-04-24,585,refunded
150,2025-05-24,585,paid
150,2025-06-24,585,paid
151,2024-03-28,133,paid
151,2024-04-28,133,paid
151,2024-05-28,133,paid
151,2024-06-28,133,paid
151,2024-07-28,133,paid
151,2024-08-28,133,paid
151,2024-09-28,133,paid
151,2024-10-28,133,paid
151,2024-11-28,133,paid
151,2024-12-28,133,paid
151,2025-01-28,133,paid
151,2025-02-28,133,paid
151,2025-03-28,133,paid
151,2025-04-28,133,paid
151,2025-05-28,133,paid
151,2025-06-28,133,paid
152,2024-08-19,897,paid
152,2024-09-19,897,paid
152,2024-10-19,897,paid
152,2024-11-19,897,paid
152,2024-12-19,897,paid
152,2025-01-19,897,paid
152,2025-02-19,897,refunded
152,2025-03-19,897,paid
152,2025-04-19,897,paid
152,2025-05-19,897,paid
153,2025-03-15,57,paid
153,2025-04-15,57,paid
153,2025-05-15,57,paid
154,2024-04-11,2607,failed
154,2024-05-11,2607,paid
154,2024-06-11,2607,paid
154,2024-07-11,2607,paid
154,2024-08-11,2607,paid
154,2024-09-11,2607,paid
154,2024-10-11,2607,paid
154,2024-11-11,2607,paid
154,2024-12-11,2607,paid
154,2025-01-11,2607,paid
154,2025-02-11,2607,paid
154,2025-03-11,2607,failed
154,2025-04-11,2607,paid
154,2025-05-11,2607,paid
154,2025-06-11,2607,paid
155,2024-03-24,76,refunded
155,2024-04-24,76,failed
155,2024-05-24,76,paid
155,2024-06-24,76,paid
155,2024-07-24,76,paid
155,2024-08-24,76,paid
155,2024-09-24,76,paid
155,2024-10-24,76,paid
155,2024-11-24,76,paid
155,2024-12-24,76,paid
155,2025-01-24,76,paid
155,2025-02-24,76,paid
155,2025-03-24,76,paid
155,2025-04-24,76,paid
155,2025-05-24,76,paid
155,2025-06-24,76,paid
156,2024-06-09,76,paid
156,2024-07-09,76,failed
156,2024-08-09,76,paid
156,2024-09-09,76,paid
156,2024-10-09,76,paid
156,2024-11-09,76,paid
156,2024-12-09,76,paid
156,2025-01-09,76,paid
157,2024-10-25,95,failed
157,2024-11-25,95,paid
157,2024-12-25,95,refunded
157,2025-01-25,95,paid
157,2025-02-25,95,paid
157,2025-03-25,95,failed
157,2025-04-25,95,paid
157,2025-05-25,95,paid
157,2025-06-25,95,paid
158,2025-04-09,1738,paid
158,2025-05-09,1738,paid
158,2025-06-09,1738,paid
159,2024-07-21,741,paid
159,2024-08-21,741,paid
160,2024-06-01,1833,paid
160,2024-07-01,1833,paid
160,2024-08-01,1833,paid
160,2024-09-01,1833,paid
160,2024-10-01,1833,paid
160,2024-11-01,1833,refunded
160,2024-12-01,1833,paid
160,2025-01-01,1833,paid
160,2025-02-01,1833,paid
160,2025-03-01,1833,paid
160,2025-04-01,1833,failed
160,2025-05-01,1833,paid
160,2025-06-01,1833,paid
161,2024-06-18,38,paid
161,2024-07-18,38,paid
161,2024-08-18,38,paid
161,2024-09-18,38,paid
161,2024-10-18,38,paid
161,2024-11-18,38,paid
161,2024-12-18,38,paid
161,2025-01-18,38,paid
161,2025-02-18,38,paid
161,2025-03-18,38,failed
161,2025-04-18,38,paid
161,2025-05-18,38,failed
161,2025-06-18,38,paid
162,2025-03-25,57,paid
162,2025-04-25,57,paid
162,2025-05-25,57,paid
162,2025-06-25,57,paid
163,2024-10-05,171,paid
163,2024-11-05,171,paid
163,2024-12-05,171,paid
163,2025-01-05,171,paid
163,2025-02-05,171,paid
163,2025-03-05,171,paid
163,2025-04-05,171,paid
163,2025-05-05,171,paid
163,2025-06-05,171,paid
164,2025-03-18,3792,refunded
164,2025-04-18,3792,paid
164,2025-05-18,3792,paid
164,2025-06-18,3792,refunded
165,2024-04-03,1677,paid
165,2024-05-03,1677,paid
165,2024-06-03,1677,paid
166,2024-10-02,1659,paid
166,2024-11-02,1659,paid
166,2024-12-02,1659,paid
166,2025-01-02,1659,paid
166,2025-02-02,1659,paid
166,2025-03-02,1659,refunded
166,2025-04-02,1659,paid
166,2025-05-02,1659,paid
166,2025-06-02,1659,paid
167,2024-10-11,76,paid
167,2024-11-11,76,paid
167,2024-12-11,76,paid
167,2025-01-11,76,paid
167,2025-02-11,76,paid
168,2024-04-03,2607,paid
168,2024-05-03,2607,paid
168,2024-06-03,2607,paid
168,2024-07-03,2607,paid
168,2024-08-03,2607,paid
168,2024-09-03,2607,paid
168,2024-10-03,2607,paid
168,2024-11-03,2607,paid
168,2024-12-03,2607,paid
168,2025-01-03,2607,paid
168,2025-02-03,2607,paid
168,2025-03-03,2607,paid
168,2025-04-03,2607,paid
168,2025-05-03,2607,paid
168,2025-06-03,2607,paid
169,2024-11-24,133,paid
169,2024-12-24,133,paid
169,2025-01-24,133,paid
169,2025-02-24,133,refunded
169,2025-03-24,133,paid
169,2025-04-24,133,failed
169,2025-05-24,133,paid
169,2025-06-24,133,paid
170,2025-05-22,1287,paid
170,2025-06-22,1287,paid
171,2025-04-10,1755,paid
171,2025-05-10,1755,paid
171,2025-06-10,1755,paid
172,2024-04-28,1794,paid
172,2024-05-28,1794,paid
172,2024-06-28,1794,paid
172,2024-07-28,1794,paid
172,2024-08-28,1794,paid
172,2024-09-28,1794,paid
173,2025-02-27,312,paid
173,2025-03-27,312,paid
173,2025-04-27,312,paid
173,2025-05-27,312,failed
173,2025-06-27,312,paid
174,2025-05-25,1872,paid
174,2025-06-25,1872,paid
175,2024-05-14,190,paid
175,2024-06-14,190,paid
175,2024-07-14,190,paid
175,2024-08-14,190,paid
175,2024-09-14,190,failed
175,2024-10-14,190,paid
175,2024-11-14,190,paid
175,2024-12-14,190,paid
175,2025-01-14,190,paid
175,2025-02-14,190,paid
175,2025-03-14,190,paid
175,2025-04-14,190,paid
175,2025-05-14,190,paid
175,2025-06-14,190,paid
176,2024-01-30,76,paid
176,2024-02-29,76,paid
176,2024-03-29,76,paid
176,2024-04-29,76,paid
176,2024-05-29,76,paid
176,2024-06-29,76,paid
176,2024-07-29,76,paid
176,2024-08-29,76,paid
176,2024-09-29,76,paid
176,2024-10-29,76,failed
177,2024-01-15,468,paid
177,2024-02-15,468,paid
177,2024-03-15,468,paid
177,2024-04-15,468,paid
177,2024-05-15,468,paid
177,2024-06-15,468,paid
177,2024-07-15,468,paid
177,2024-08-15,468,paid
177,2024-09-15,468,paid
177,2024-10-15,468,paid
177,2024-11-15,468,paid
177,2024-12-15,468,paid
177,2025-01-15,468,paid
177,2025-02-15,468,paid
177,2025-03-15,468,failed
177,2025-04-15,468,paid
177,2025-05-15,468,paid
177,2025-06-15,468,paid
178,2025-04-17,171,paid
178,2025-05-17,171,paid
178,2025-06-17,171,paid
179,2024-10-25,76,paid
179,2024-11-25,76,paid
179,2024-12-25,76,paid
179,2025-01-25,76,paid
179,2025-02-25,76,paid
179,2025-03-25,76,failed
179,2025-04-25,76,paid
179,2025-05-25,76,paid
179,2025-06-25,76,refunded
180,2024-09-06,312,paid
180,2024-10-06,312,paid
180,2024-11-06,312,paid
180,2024-12-06,312,paid
180,2025-01-06,312,paid
180,2025-02-06,312,paid
180,2025-03-06,312,paid
180,2025-04-06,312,failed
180,2025-05-06,312,paid
180,2025-06-06,312,paid
181,2024-07-14,2449,paid
181,2024-08-14,2449,paid
181,2024-09-14,2449,paid
181,2024-10-14,2449,failed
181,2024-11-14,2449,paid
181,2024-12-14,2449,paid
181,2025-01-14,2449,paid
181,2025-02-14,2449,paid
181,2025-03-14,2449,paid
181,2025-04-14,2449,paid
181,2025-05-14,2449,paid
181,2025-06-14,2449,paid
182,2024-12-14,429,paid
182,2025-01-14,429,failed
182,2025-02-14,429,paid
182,2025-03-14,429,paid
182,2025-04-14,429,paid
182,2025-05-14,429,paid
182,2025-06-14,429,paid
183,2025-05-16,1248,paid
183,2025-06-16,1248,paid
184,2024-12-19,1482,paid
184,2025-01-19,1482,paid
184,2025-02-19,1482,refunded
184,2025-03-19,1482,failed
184,2025-04-19,1482,paid
184,2025-05-19,1482,paid
184,2025-06-19,1482,paid
185,2025-04-11,19,paid
185,2025-05-11,19,paid
185,2025-06-11,19,paid
186,2024-08-27,19,paid
186,2024-09-27,19,paid
186,2024-10-27,19,paid
186,2024-11-27,19,paid
186,2024-12-27,19,paid
186,2025-01-27,19,paid
186,2025-02-27,19,paid
186,2025-03-27,19,paid
186,2025-04-27,19,paid
186,2025-05-27,19,paid
186,2025-06-27,19,paid
187,2025-01-25,1560,paid
187,2025-02-25,1560,paid
187,2025-03-25,1560,paid
187,2025-04-25,1560,paid
187,2025-05-25,1560,paid
187,2025-06-25,1560,paid
188,2024-02-07,133,refunded
188,2024-03-07,133,paid
188,2024-04-07,133,paid
188,2024-05-07,133,paid
188,2024-06-07,133,paid
188,2024-07-07,133,paid
188,2024-08-07,133,paid
188,2024-09-07,133,paid
188,2024-10-07,133,paid
188,2024-11-07,133,paid
188,2024-12-07,133,paid
188,2025-01-07,133,paid
188,2025-02-07,133,paid
188,2025-03-07,133,paid
188,2025-04-07,133,paid
188,2025-05-07,133,paid
188,2025-06-07,133,paid
189,2024-04-12,38,failed
189,2024-05-12,38,paid
189,2024-06-12,38,paid
189,2024-07-12,38,paid
189,2024-08-12,38,paid
189,2024-09-12,38,paid
189,2024-10-12,38,refunded
189,2024-11-12,38,paid
189,2024-12-12,38,paid
189,2025-01-12,38,paid
189,2025-02-12,38,paid
189,2025-03-12,38,paid
189,2025-04-12,38,paid
189,2025-05-12,38,paid
189,2025-06-12,38,paid
190,2024-01-16,273,paid
190,2024-02-16,273,paid
190,2024-03-16,273,paid
191,2025-04-25,395,paid
191,2025-05-25,395,paid
191,2025-06-25,395,paid
192,2024-03-23,57,paid
192,2024-04-23,57,paid
192,2024-05-23,57,paid
192,2024-06-23,57,paid
192,2024-07-23,57,paid
192,2024-08-23,57,paid
192,2024-09-23,57,paid
192,2024-10-23,57,paid
192,2024-11-23,57,paid
192,2024-12-23,57,paid
192,2025-01-23,57,paid
192,2025-02-23,57,paid
192,2025-03-23,57,paid
192,2025-04-23,57,paid
192,2025-05-23,57,paid
192,2025-06-23,57,paid
193,2024-11-20,1716,paid
193,2024-12-20,1716,paid
193,2025-01-20,1716,paid
193,2025-02-20,1716,paid
193,2025-03-20,1716,paid
193,2025-04-20,1716,paid
193,2025-05-20,1716,paid
193,2025-06-20,1716,paid
194,2024-08-28,3476,paid
194,2024-09-28,3476,paid
194,2024-10-28,3476,paid
194,2024-11-28,3476,refunded
194,2024-12-28,3476,failed
194,2025-01-28,3476,paid
194,2025-02-28,3476,paid
194,2025-03-28,3476,paid
194,2025-04-28,3476,paid
194,2025-05-28,3476,paid
194,2025-06-28,3476,paid
195,2024-04-10,2054,paid
195,2024-05-10,2054,paid
195,2024-06-10,2054,paid
195,2024-07-10,2054,paid
195,2024-08-10,2054,paid
195,2024-09-10,2054,paid
195,2024-10-10,2054,paid
195,2024-11-10,2054,paid
195,2024-12-10,2054,paid
195,2025-01-10,2054,paid
195,2025-02-10,2054,paid
195,2025-03-10,2054,paid
195,2025-04-10,2054,paid
195,2025-05-10,2054,failed
195,2025-06-10,2054,paid
196,2024-01-30,2133,paid
196,2024-02-29,2133,paid
196,2024-03-29,2133,paid
196,2024-04-29,2133,paid
196,2024-05-29,2133,paid
196,2024-06-29,2133,paid
196,2024-07-29,2133,paid
196,2024-08-29,2133,paid
196,2024-09-29,2133,paid
196,2024-10-29,2133,paid
196,2024-11-29,2133,paid
196,2024-12-29,2133,paid
196,2025-01-29,2133,paid
196,2025-02-28,2133,paid
196,2025-03-28,2133,paid
196,2025-04-28,2133,paid
196,2025-05-28,2133,paid
196,2025-06-28,2133,paid
197,2025-01-02,133,paid
197,2025-02-02,133,failed
197,2025-03-02,133,paid
197,2025-04-02,133,paid
197,2025-05-02,133,paid
197,2025-06-02,133,paid
198,2025-06-27,171,paid
199,2024-06-28,114,failed
199,2024-07-28,114,paid
199,2024-08-28,114,paid
199,2024-09-28,114,paid
199,2024-10-28,114,paid
199,2024-11-28,114,paid
199,2024-12-28,114,paid
199,2025-01-28,114,paid
199,2025-02-28,114,paid
199,2025-03-28,114,paid
199,2025-04-28,114,failed
199,2025-05-28,114,paid
199,2025-06-28,114,paid
200,2025-05-24,171,paid
200,2025-06-24,171,paid
201,2025-04-15,57,paid
201,2025-05-15,57,paid
201,2025-06-15,57,paid
202,2024-10-21,117,failed
202,2024-11-21,117,paid
202,2024-12-21,117,failed
202,2025-01-21,117,paid
202,2025-02-21,117,paid
203,2024-11-02,1248,paid
203,2024-12-02,1248,paid
203,2025-01-02,1248,refunded
203,2025-02-02,1248,paid
203,2025-03-02,1248,paid
203,2025-04-02,1248,paid
203,2025-05-02,1248,paid
204,2024-11-05,1443,paid
204,2024-12-05,1443,refunded
204,2025-01-05,1443,paid
204,2025-02-05,1443,paid
204,2025-03-05,1443,paid
204,2025-04-05,1443,paid
204,2025-05-05,1443,paid
204,2025-06-05,1443,paid
205,2024-08-30,133,paid
205,2024-09-30,133,paid
205,2024-10-30,133,paid
205,2024-11-30,133,paid
205,2024-12-30,133,paid
205,2025-01-30,133,paid
205,2025-02-28,133,paid
205,2025-03-28,133,paid
205,2025-04-28,133,paid
205,2025-05-28,133,paid
205,2025-06-28,133,paid
206,2024-10-29,1248,paid
206,2024-11-29,1248,paid
206,2024-12-29,1248,failed
206,2025-01-29,1248,paid
206,2025-02-28,1248,paid
206,2025-03-28,1248,paid
207,2024-01-09,76,paid
207,2024-02-09,76,paid
207,2024-03-09,76,paid
207,2024-04-09,76,paid
207,2024-05-09,76,paid
207,2024-06-09,76,paid
208,2024-08-23,3871,paid
208,2024-09-23,3871,paid
208,2024-10-23,3871,paid
208,2024-11-23,3871,paid
208,2024-12-23,3871,paid
208,2025-01-23,3871,paid
208,2025-02-23,3871,paid
208,2025-03-23,3871,paid
208,2025-04-23,3871,paid
208,2025-05-23,3871,paid
208,2025-06-23,3871,paid
209,2024-05-20,1755,paid
209,2024-06-20,1755,paid
210,2025-03-27,76,paid
210,2025-04-27,76,paid
211,2024-04-02,38,refunded
211,2024-05-02,38,paid
211,2024-06-02,38,paid
211,2024-07-02,38,paid
211,2024-08-02,38,paid
211,2024-09-02,38,failed
211,2024-10-02,38,paid
211,2024-11-02,38,paid
211,2024-12-02,38,paid
211,2025-01-02,38,paid
211,2025-02-02,38,paid
211,2025-03-02,38,paid
211,2025-04-02,38,paid
211,2025-05-02,38,failed
211,2025-06-02,38,paid
212,2024-07-24,1209,paid
212,2024-08-24,1209,paid
212,2024-09-24,1209,paid
212,2024-10-24,1209,paid
212,2024-11-24,1209,paid
212,2024-12-24,1209,paid
212,2025-01-24,1209,paid
212,2025-02-24,1209,failed
212,2025-03-24,1209,paid
212,2025-04-24,1209,paid
212,2025-05-24,1209,paid
212,2025-06-24,1209,paid
213,2024-06-17,1872,paid
213,2024-07-17,1872,paid
213,2024-08-17,1872,failed
213,2024-09-17,1872,paid
213,2024-10-17,1872,refunded
213,2024-11-17,1872,paid
213,2024-12-17,1872,paid
213,2025-01-17,1872,paid
213,2025-02-17,1872,paid
213,2025-03-17,1872,paid
213,2025-04-17,1872,paid
213,2025-05-17,1872,paid
213,2025-06-17,1872,paid
214,2024-04-27,1422,paid
214,2024-05-27,1422,paid
214,2024-06-27,1422,paid
214,2024-07-27,1422,paid
214,2024-08-27,1422,failed
214,2024-09-27,1422,paid
214,2024-10-27,1422,refunded
214,2024-11-27,1422,paid
214,2024-12-27,1422,paid
214,2025-01-27,1422,paid
214,2025-02-27,1422,paid
214,2025-03-27,1422,paid
214,2025-04-27,1422,paid
214,2025-05-27,1422,paid
214,2025-06-27,1422,paid
215,2025-02-10,1092,paid
215,2025-03-10,1092,paid
215,2025-04-10,1092,paid
215,2025-05-10,1092,paid
215,2025-06-10,1092,paid
216,2024-09-27,19,paid
216,2024-10-27,19,paid
216,2024-11-27,19,paid
216,2024-12-27,19,paid
216,2025-01-27,19,paid
217,2025-01-25,76,paid
217,2025-02-25,76,paid
217,2025-03-25,76,paid
217,2025-04-25,76,paid
217,2025-05-25,76,paid
217,2025-06-25,76,paid
218,2024-01-26,1911,paid
218,2024-02-26,1911,paid
218,2024-03-26,1911,paid
218,2024-04-26,1911,paid
218,2024-05-26,1911,paid
218,2024-06-26,1911,paid
218,2024-07-26,1911,paid
218,2024-08-26,1911,paid
218,2024-09-26,1911,paid
218,2024-10-26,1911,paid
218,2024-11-26,1911,paid
218,2024-12-26,1911,paid
218,2025-01-26,1911,paid
218,2025-02-26,1911,paid
218,2025-03-26,1911,paid
218,2025-04-26,1911,paid
218,2025-05-26,1911,refunded
218,2025-06-26,1911,paid
219,2025-04-20,1521,paid
219,2025-05-20,1521,paid
219,2025-06-20,1521,paid
220,2024-05-23,1794,paid
220,2024-06-23,1794,paid
220,2024-07-23,1794,paid
220,2024-08-23,1794,paid
220,2024-09-23,1794,paid
220,2024-10-23,1794,paid
220,2024-11-23,1794,paid
220,2024-12-23,1794,paid
220,2025-01-23,1794,paid
220,2025-02-23,1794,paid
220,2025-03-23,1794,paid
220,2025-04-23,1794,paid
220,2025-05-23,1794,paid
220,2025-06-23,1794,paid
221,2024-04-28,702,paid
221,2024-05-28,702,failed
221,2024-06-28,702,paid
221,2024-07-28,702,paid
221,2024-08-28,702,paid
221,2024-09-28,702,paid
221,2024-10-28,702,paid
221,2024-11-28,702,failed
221,2024-12-28,702,paid
221,2025-01-28,702,paid
221,2025-02-28,702,paid
221,2025-03-28,702,paid
221,2025-04-28,702,paid
221,2025-05-28,702,paid
221,2025-06-28,702,paid
222,2025-02-01,57,paid
222,2025-03-01,57,refunded
222,2025-04-01,57,paid
222,2025-05-01,57,paid
222,2025-06-01,57,paid
223,2024-06-07,1343,paid
223,2024-07-07,1343,failed
223,2024-08-07,1343,paid
223,2024-09-07,1343,paid
223,2024-10-07,1343,paid
223,2024-11-07,1343,failed
223,2024-12-07,1343,paid
223,2025-01-07,1343,paid
223,2025-02-07,1343,paid
223,2025-03-07,1343,failed
224,2025-02-21,95,paid
224,2025-03-21,95,paid
224,2025-04-21,95,paid
224,2025-05-21,95,paid
224,2025-06-21,95,paid
225,2025-03-30,133,paid
225,2025-04-30,133,paid
225,2025-05-30,133,paid
225,2025-06-30,133,paid
226,2025-01-11,975,paid
226,2025-02-11,975,paid
227,2024-07-13,3555,paid
227,2024-08-13,3555,paid
227,2024-09-13,3555,paid
227,2024-10-13,3555,paid
227,2024-11-13,3555,paid
227,2024-12-13,3555,paid
227,2025-01-13,3555,paid
227,2025-02-13,3555,failed
227,2025-03-13,3555,paid
227,2025-04-13,3555,paid
227,2025-05-13,3555,paid
227,2025-06-13,3555,paid
228,2024-01-22,171,paid
228,2024-02-22,171,paid
228,2024-03-22,171,paid
228,2024-04-22,171,paid
228,2024-05-22,171,paid
228,2024-06-22,171,paid
228,2024-07-22,171,refunded
228,2024-08-22,171,paid
228,2024-09-22,171,paid
228,2024-10-22,171,paid
228,2024-11-22,171,paid
228,2024-12-22,171,paid
228,2025-01-22,171,paid
228,2025-02-22,171,paid
228,2025-03-22,171,failed
228,2025-04-22,171,paid
228,2025-05-22,171,paid
228,2025-06-22,171,paid
229,2024-07-29,133,paid
229,2024-08-29,133,paid
229,2024-09-29,133,paid
229,2024-10-29,133,paid
229,2024-11-29,133,paid
229,2024-12-29,133,paid
229,2025-01-29,133,paid
229,2025-02-28,133,paid
229,2025-03-28,133,paid
229,2025-04-28,133,paid
229,2025-05-28,133,paid
229,2025-06-28,133,paid
230,2024-08-26,95,paid
230,2024-09-26,95,paid
230,2024-10-26,95,paid
230,2024-11-26,95,paid
230,2024-12-26,95,paid
230,2025-01-26,95,paid
230,2025-02-26,95,paid
230,2025-03-26,95,failed
230,2025-04-26,95,paid
230,2025-05-26,95,paid
230,2025-06-26,95,paid
231,2024-10-10,171,paid
231,2024-11-10,171,paid
231,2024-12-10,171,paid
231,2025-01-10,171,paid
231,2025-02-10,171,paid
231,2025-03-10,171,paid
231,2025-04-10,171,paid
231,2025-05-10,171,paid
231,2025-06-10,171,refunded
232,2024-06-27,76,paid
232,2024-07-27,76,paid
232,2024-08-27,76,paid
232,2024-09-27,76,paid
232,2024-10-27,76,paid
232,2024-11-27,76,paid
232,2024-12-27,76,paid
232,2025-01-27,76,paid
232,2025-02-27,76,paid
232,2025-03-27,76,paid
232,2025-04-27,76,paid
232,2025-05-27,76,paid
232,2025-06-27,76,paid
233,2024-01-16,57,paid
233,2024-02-16,57,paid
233,2024-03-16,57,paid
233,2024-04-16,57,paid
233,2024-05-16,57,failed
233,2024-06-16,57,paid
233,2024-07-16,57,paid
233,2024-08-16,57,paid
233,2024-09-16,57,paid
233,2024-10-16,57,paid
233,2024-11-16,57,paid
233,2024-12-16,57,paid
233,2025-01-16,57,paid
233,2025-02-16,57,paid
233,2025-03-16,57,refunded
233,2025-04-16,57,paid
233,2025-05-16,57,paid
233,2025-06-16,57,paid
234,2024-01-17,234,paid
234,2024-02-17,234,paid
234,2024-03-17,234,failed
234,2024-04-17,234,paid
234,2024-05-17,234,paid
234,2024-06-17,234,paid
234,2024-07-17,234,paid
234,2024-08-17,234,failed
234,2024-09-17,234,paid
234,2024-10-17,234,paid
234,2024-11-17,234,paid
234,2024-12-17,234,paid
234,2025-01-17,234,paid
234,2025-02-17,234,paid
234,2025-03-17,234,paid
234,2025-04-17,234,paid
234,2025-05-17,234,paid
234,2025-06-17,234,paid
235,2025-03-07,1482,paid
235,2025-04-07,1482,paid
235,2025-05-07,1482,paid
235,2025-06-07,1482,paid
236,2025-04-04,1053,paid
236,2025-05-04,1053,paid
236,2025-06-04,1053,paid
237,2025-04-07,114,paid
237,2025-05-07,114,failed
237,2025-06-07,114,paid
238,2025-04-14,1014,paid
238,2025-05-14,1014,paid
238,2025-06-14,1014,paid
239,2025-03-12,76,paid
239,2025-04-12,76,paid
239,2025-05-12,76,failed
239,2025-06-12,76,paid
240,2024-03-23,190,paid
240,2024-04-23,190,paid
240,2024-05-23,190,paid
240,2024-06-23,190,failed
240,2024-07-23,190,paid
240,2024-08-23,190,paid
240,2024-09-23,190,paid
240,2024-10-23,190,paid
241,2024-05-09,273,paid
241,2024-06-09,273,paid
241,2024-07-09,273,paid
241,2024-08-09,273,paid
241,2024-09-09,273,paid
241,2024-10-09,273,paid
241,2024-11-09,273,paid
241,2024-12-09,273,paid
241,2025-01-09,273,paid
241,2025-02-09,273,paid
241,2025-03-09,273,paid
241,2025-04-09,273,paid
241,2025-05-09,273,paid
241,2025-06-09,273,paid
242,2025-01-25,190,paid
242,2025-02-25,190,paid
242,2025-03-25,190,paid
242,2025-04-25,190,paid
242,2025-05-25,190,paid
242,2025-06-25,190,paid
243,2024-04-11,1482,paid
243,2024-05-11,1482,failed
243,2024-06-11,1482,paid
243,2024-07-11,1482,paid
243,2024-08-11,1482,paid
243,2024-09-11,1482,paid
243,2024-10-11,1482,paid
243,2024-11-11,1482,paid
243,2024-12-11,1482,paid
243,2025-01-11,1482,paid
243,2025-02-11,1482,paid
243,2025-03-11,1482,paid
243,2025-04-11,1482,paid
243,2025-05-11,1482,paid
243,2025-06-11,1482,paid
244,2025-03-16,76,paid
244,2025-04-16,76,paid
244,2025-05-16,76,paid
244,2025-06-16,76,paid
245,2025-04-09,1738,paid
245,2025-05-09,1738,paid
245,2025-06-09,1738,paid
246,2025-03-13,237,paid
246,2025-04-13,237,paid
246,2025-05-13,237,paid
246,2025-06-13,237,paid
247,2024-06-05,76,paid
247,2024-07-05,76,refunded
247,2024-08-05,76,paid
247,2024-09-05,76,paid
247,2024-10-05,76,paid
247,2024-11-05,76,paid
247,2024-12-05,76,paid
247,2025-01-05,76,paid
247,2025-02-05,76,failed
247,2025-03-05,76,paid
247,2025-04-05,76,paid
247,2025-05-05,76,paid
247,2025-06-05,76,paid
248,2024-04-05,790,paid
248,2024-05-05,790,paid
248,2024-06-05,790,paid
248,2024-07-05,790,paid
248,2024-08-05,790,paid
248,2024-09-05,790,failed
248,2024-10-05,790,paid
248,2024-11-05,790,failed
248,2024-12-05,790,paid
248,2025-01-05,790,paid
248,2025-02-05,790,paid
248,2025-03-05,790,paid
248,2025-04-05,790,refunded
248,2025-05-05,790,paid
248,2025-06-05,790,failed
249,2024-03-02,1287,paid
249,2024-04-02,1287,paid
249,2024-05-02,1287,paid
249,2024-06-02,1287,paid
249,2024-07-02,1287,paid
249,2024-08-02,1287,paid
249,2024-09-02,1287,paid
249,2024-10-02,1287,paid
249,2024-11-02,1287,paid
249,2024-12-02,1287,paid
249,2025-01-02,1287,paid
249,2025-02-02,1287,paid
249,2025-03-02,1287,paid
249,2025-04-02,1287,paid
249,2025-05-02,1287,paid
249,2025-06-02,1287,paid
250,2024-12-28,3713,failed
250,2025-01-28,3713,paid
250,2025-02-28,3713,paid
250,2025-03-28,3713,paid
250,2025-04-28,3713,paid
250,2025-05-28,3713,paid
250,2025-06-28,3713,paid
251,2024-11-15,624,paid
251,2024-12-15,624,paid
251,2025-01-15,624,refunded
251,2025-02-15,624,paid
251,2025-03-15,624,paid
251,2025-04-15,624,paid
251,2025-05-15,624,paid
251,2025-06-15,624,paid
252,2024-06-07,76,paid
252,2024-07-07,76,paid
252,2024-08-07,76,paid
252,2024-09-07,76,paid
252,2024-10-07,76,paid
252,2024-11-07,76,failed
252,2024-12-07,76,failed
252,2025-01-07,76,paid
252,2025-02-07,76,paid
252,2025-03-07,76,paid
252,2025-04-07,76,paid
252,2025-05-07,76,paid
252,2025-06-07,76,paid
253,2025-01-11,819,paid
253,2025-02-11,819,paid
253,2025-03-11,819,paid
253,2025-04-11,819,failed
253,2025-05-11,819,paid
253,2025-06-11,819,paid
254,2025-03-15,95,refunded
254,2025-04-15,95,paid
254,2025-05-15,95,paid
254,2025-06-15,95,paid
255,2024-07-03,152,paid
255,2024-08-03,152,paid
255,2024-09-03,152,paid
255,2024-10-03,152,paid
255,2024-11-03,152,paid
255,2024-12-03,152,paid
255,2025-01-03,152,paid
255,2025-02-03,152,paid
255,2025-03-03,152,paid
255,2025-04-03,152,refunded
256,2024-12-25,152,paid
256,2025-01-25,152,paid
256,2025-02-25,152,paid
256,2025-03-25,152,paid
256,2025-04-25,152,failed
256,2025-05-25,152,paid
256,2025-06-25,152,paid
257,2024-03-12,897,paid
257,2024-04-12,897,paid
257,2024-05-12,897,paid
257,2024-06-12,897,paid
257,2024-07-12,897,paid
257,2024-08-12,897,paid
257,2024-09-12,897,paid
257,2024-10-12,897,paid
257,2024-11-12,897,paid
257,2024-12-12,897,failed
257,2025-01-12,897,paid
257,2025-02-12,897,paid
257,2025-03-12,897,paid
257,2025-04-12,897,paid
257,2025-05-12,897,paid
257,2025-06-12,897,paid
258,2025-06-27,2054,paid
259,2024-12-15,19,paid
259,2025-01-15,19,paid
259,2025-02-15,19,paid
259,2025-03-15,19,paid
259,2025-04-15,19,failed
259,2025-05-15,19,paid
259,2025-06-15,19,refunded
260,2024-03-27,1950,paid
260,2024-04-27,1950,paid
260,2024-05-27,1950,paid
260,2024-06-27,1950,paid
260,2024-07-27,1950,paid
261,2024-03-24,95,paid
261,2024-04-24,95,paid
261,2024-05-24,95,paid
261,2024-06-24,95,paid
261,2024-07-24,95,paid
261,2024-08-24,95,paid
261,2024-09-24,95,paid
261,2024-10-24,95,paid
261,2024-11-24,95,paid
261,2024-12-24,95,paid
261,2025-01-24,95,paid
261,2025-02-24,95,paid
261,2025-03-24,95,paid
261,2025-04-24,95,paid
261,2025-05-24,95,paid
261,2025-06-24,95,paid
262,2025-03-28,1560,paid
262,2025-04-28,1560,paid
262,2025-05-28,1560,failed
262,2025-06-28,1560,paid
263,2024-12-19,819,failed
263,2025-01-19,819,paid
263,2025-02-19,819,paid
263,2025-03-19,819,paid
263,2025-04-19,819,paid
263,2025-05-19,819,paid
263,2025-06-19,819,paid
264,2025-06-23,114,paid
265,2024-02-26,190,paid
265,2024-03-26,190,paid
265,2024-04-26,190,paid
265,2024-05-26,190,paid
265,2024-06-26,190,paid
265,2024-07-26,190,paid
265,2024-08-26,190,failed
265,2024-09-26,190,paid
265,2024-10-26,190,failed
265,2024-11-26,190,paid
265,2024-12-26,190,paid
265,2025-01-26,190,paid
265,2025-02-26,190,paid
265,2025-03-26,190,refunded
265,2025-04-26,190,paid
265,2025-05-26,190,paid
265,2025-06-26,190,paid
266,2024-05-20,1326,paid
266,2024-06-20,1326,paid
266,2024-07-20,1326,paid
266,2024-08-20,1326,paid
266,2024-09-20,1326,paid
266,2024-10-20,1326,paid
266,2024-11-20,1326,paid
266,2024-12-20,1326,paid
266,2025-01-20,1326,paid
266,2025-02-20,1326,paid
266,2025-03-20,1326,paid
266,2025-04-20,1326,paid
266,2025-05-20,1326,paid
266,2025-06-20,1326,paid
267,2024-01-08,1794,paid
267,2024-02-08,1794,paid
267,2024-03-08,1794,paid
267,2024-04-08,1794,paid
267,2024-05-08,1794,paid
267,2024-06-08,1794,paid
267,2024-07-08,1794,paid
267,2024-08-08,1794,paid
267,2024-09-08,1794,paid
267,2024-10-08,1794,paid
267,2024-11-08,1794,paid
267,2024-12-08,1794,paid
267,2025-01-08,1794,paid
267,2025-02-08,1794,paid
267,2025-03-08,1794,paid
267,2025-04-08,1794,paid
267,2025-05-08,1794,paid
267,2025-06-08,1794,paid
268,2024-05-12,152,paid
268,2024-06-12,152,paid
268,2024-07-12,152,paid
268,2024-08-12,152,paid
268,2024-09-12,152,paid
268,2024-10-12,152,paid
268,2024-11-12,152,paid
268,2024-12-12,152,paid
268,2025-01-12,152,paid
268,2025-02-12,152,paid
268,2025-03-12,152,paid
268,2025-04-12,152,failed
268,2025-05-12,152,paid
268,2025-06-12,152,failed
269,2024-03-14,3476,paid
269,2024-04-14,3476,paid
269,2024-05-14,3476,paid
269,2024-06-14,3476,paid
269,2024-07-14,3476,paid
269,2024-08-14,3476,paid
269,2024-09-14,3476,paid
269,2024-10-14,3476,paid
269,2024-11-14,3476,paid
269,2024-12-14,3476,paid
269,2025-01-14,3476,failed
269,2025-02-14,3476,paid
269,2025-03-14,3476,failed
269,2025-04-14,3476,paid
269,2025-05-14,3476,paid
269,2025-06-14,3476,paid
270,2024-01-20,1248,paid
270,2024-02-20,1248,paid
270,2024-03-20,1248,paid
270,2024-04-20,1248,paid
270,2024-05-20,1248,failed
270,2024-06-20,1248,paid
270,2024-07-20,1248,paid
270,2024-08-20,1248,paid
270,2024-09-20,1248,paid
270,2024-10-20,1248,paid
270,2024-11-20,1248,paid
270,2024-12-20,1248,paid
270,2025-01-20,1248,paid
270,2025-02-20,1248,paid
270,2025-03-20,1248,paid
270,2025-04-20,1248,paid
270,2025-05-20,1248,paid
270,2025-06-20,1248,paid
271,2025-02-18,114,paid
271,2025-03-18,114,paid
271,2025-04-18,114,paid
271,2025-05-18,114,paid
271,2025-06-18,114,paid
272,2024-01-22,171,paid
272,2024-02-22,171,paid
272,2024-03-22,171,paid
272,2024-04-22,171,paid
272,2024-05-22,171,paid
272,2024-06-22,171,paid
272,2024-07-22,171,paid
272,2024-08-22,171,paid
272,2024-09-22,171,paid
272,2024-10-22,171,paid
272,2024-11-22,171,paid
272,2024-12-22,171,paid
272,2025-01-22,171,paid
272,2025-02-22,171,paid
272,2025-03-22,171,paid
272,2025-04-22,171,paid
272,2025-05-22,171,paid
272,2025-06-22,171,paid
273,2025-01-05,171,paid
273,2025-02-05,171,paid
273,2025-03-05,171,paid
273,2025-04-05,171,paid
273,2025-05-05,171,paid
273,2025-06-05,171,paid
274,2025-03-22,474,paid
274,2025-04-22,474,paid
274,2025-05-22,474,paid
274,2025-06-22,474,paid
275,2024-11-13,273,paid
275,2024-12-13,273,failed
275,2025-01-13,273,paid
275,2025-02-13,273,paid
275,2025-03-13,273,paid
275,2025-04-13,273,paid
275,2025-05-13,273,paid
275,2025-06-13,273,paid
276,2024-03-19,3555,refunded
276,2024-04-19,3555,paid
276,2024-05-19,3555,paid
276,2024-06-19,3555,paid
276,2024-07-19,3555,paid
276,2024-08-19,3555,paid
276,2024-09-19,3555,paid
276,2024-10-19,3555,paid
276,2024-11-19,3555,paid
276,2024-12-19,3555,paid
276,2025-01-19,3555,paid
276,2025-02-19,3555,paid
276,2025-03-19,3555,paid
276,2025-04-19,3555,paid
276,2025-05-19,3555,paid
276,2025-06-19,3555,paid
277,2024-12-23,19,refunded
277,2025-01-23,19,paid
277,2025-02-23,19,paid
277,2025-03-23,19,paid
277,2025-04-23,19,paid
277,2025-05-23,19,paid
277,2025-06-23,19,paid
278,2024-04-15,76,paid
278,2024-05-15,76,paid
278,2024-06-15,76,paid
278,2024-07-15,76,paid
278,2024-08-15,76,paid
278,2024-09-15,76,paid
278,2024-10-15,76,paid
278,2024-11-15,76,paid
278,2024-12-15,76,paid
278,2025-01-15,76,failed
278,2025-02-15,76,failed
278,2025-03-15,76,paid
278,2025-04-15,76,refunded
278,2025-05-15,76,paid
278,2025-06-15,76,failed
279,2024-06-05,57,paid
279,2024-07-05,57,paid
279,2024-08-05,57,paid
279,2024-09-05,57,paid
279,2024-10-05,57,paid
279,2024-11-05,57,paid
279,2024-12-05,57,paid
279,2025-01-05,57,paid
279,2025-02-05,57,paid
279,2025-03-05,57,paid
279,2025-04-05,57,paid
279,2025-05-05,57,paid
279,2025-06-05,57,paid
280,2025-04-04,171,paid
280,2025-05-04,171,paid
280,2025-06-04,171,failed
281,2025-03-26,19,paid
281,2025-04-26,19,paid
281,2025-05-26,19,paid
281,2025-06-26,19,paid
282,2024-10-08,1755,paid
282,2024-11-08,1755,paid
282,2024-12-08,1755,paid
282,2025-01-08,1755,paid
282,2025-02-08,1755,paid
282,2025-03-08,1755,paid
282,2025-04-08,1755,failed
282,2025-05-08,1755,paid
282,2025-06-08,1755,paid
283,2024-11-13,2607,paid
283,2024-12-13,2607,paid
283,2025-01-13,2607,paid
283,2025-02-13,2607,paid
283,2025-03-13,2607,paid
283,2025-04-13,2607,paid
283,2025-05-13,2607,paid
283,2025-06-13,2607,paid
284,2025-01-12,117,paid
284,2025-02-12,117,paid
285,2025-04-18,1131,paid
285,2025-05-18,1131,paid
285,2025-06-18,1131,paid
286,2024-11-25,171,paid
286,2024-12-25,171,refunded
286,2025-01-25,171,paid
286,2025-02-25,171,paid
286,2025-03-25,171,paid
286,2025-04-25,171,failed
287,2025-04-06,316,paid
287,2025-05-06,316,failed
287,2025-06-06,316,refunded
288,2024-02-10,1833,paid
288,2024-03-10,1833,refunded
288,2024-04-10,1833,paid
288,2024-05-10,1833,paid
288,2024-06-10,1833,paid
288,2024-07-10,1833,paid
288,2024-08-10,1833,paid
288,2024-09-10,1833,paid
288,2024-10-10,1833,refunded
288,2024-11-10,1833,paid
288,2024-12-10,1833,paid
288,2025-01-10,1833,failed
288,2025-02-10,1833,failed
288,2025-03-10,1833,failed
288,2025-04-10,1833,paid
288,2025-05-10,1833,refunded
288,2025-06-10,1833,paid
289,2025-06-20,546,paid
290,2025-01-31,38,paid
290,2025-02-28,38,paid
290,2025-03-28,38,paid
290,2025-04-28,38,paid
290,2025-05-28,38,paid
290,2025-06-28,38,paid
291,2024-12-08,585,paid
291,2025-01-08,585,paid
291,2025-02-08,585,paid
291,2025-03-08,585,paid
291,2025-04-08,585,paid
291,2025-05-08,585,paid
292,2024-10-17,975,failed
292,2024-11-17,975,paid
292,2024-12-17,975,paid
292,2025-01-17,975,paid
292,2025-02-17,975,paid
292,2025-03-17,975,paid
293,2024-12-07,133,paid
293,2025-01-07,133,paid
293,2025-02-07,133,paid
293,2025-03-07,133,paid
293,2025-04-07,133,paid
293,2025-05-07,133,paid
293,2025-06-07,133,paid
294,2024-11-13,133,paid
294,2024-12-13,133,paid
294,2025-01-13,133,failed
294,2025-02-13,133,refunded
294,2025-03-13,133,paid
294,2025-04-13,133,paid
294,2025-05-13,133,paid
294,2025-06-13,133,paid
295,2024-11-13,76,paid
295,2024-12-13,76,failed
295,2025-01-13,76,failed
295,2025-02-13,76,paid
295,2025-03-13,76,paid
295,2025-04-13,76,paid
296,2025-06-23,38,paid
297,2024-01-19,1716,paid
297,2024-02-19,1716,paid
297,2024-03-19,1716,paid
297,2024-04-19,1716,paid
297,2024-05-19,1716,paid
297,2024-06-19,1716,failed
297,2024-07-19,1716,paid
297,2024-08-19,1716,paid
297,2024-09-19,1716,paid
297,2024-10-19,1716,paid
297,2024-11-19,1716,paid
297,2024-12-19,1716,paid
297,2025-01-19,1716,paid
297,2025-02-19,1716,paid
297,2025-03-19,1716,failed
297,2025-04-19,1716,paid
297,2025-05-19,1716,paid
297,2025-06-19,1716,paid
298,2024-12-15,1092,paid
298,2025-01-15,1092,paid
298,2025-02-15,1092,paid
299,2024-06-07,171,paid
299,2024-07-07,171,paid
299,2024-08-07,171,failed
299,2024-09-07,171,paid
299,2024-10-07,171,paid
299,2024-11-07,171,paid
299,2024-12-07,171,paid
299,2025-01-07,171,paid
299,2025-02-07,171,paid
299,2025-03-07,171,paid
299,2025-04-07,171,paid
299,2025-05-07,171,paid
299,2025-06-07,171,paid
300,2024-12-10,57,paid
300,2025-01-10,57,paid
301,2024-06-15,114,paid
301,2024-07-15,114,failed
301,2024-08-15,114,paid
301,2024-09-15,114,paid
301,2024-10-15,114,paid
301,2024-11-15,114,paid
301,2024-12-15,114,paid
301,2025-01-15,114,paid
301,2025-02-15,114,paid
302,2025-03-24,351,paid
302,2025-04-24,351,paid
302,2025-05-24,351,paid
302,2025-06-24,351,paid
303,2025-03-30,395,paid
303,2025-04-30,395,paid
303,2025-05-30,395,paid
303,2025-06-30,395,paid
304,2025-06-30,190,paid
305,2025-01-11,19,paid
305,2025-02-11,19,paid
305,2025-03-11,19,paid
305,2025-04-11,19,paid
305,2025-05-11,19,refunded
305,2025-06-11,19,paid
306,2025-05-29,3634,paid
306,2025-06-29,3634,paid
307,2024-09-13,2923,paid
307,2024-10-13,2923,paid
307,2024-11-13,2923,paid
307,2024-12-13,2923,failed
307,2025-01-13,2923,paid
307,2025-02-13,2923,paid
307,2025-03-13,2923,paid
307,2025-04-13,2923,paid
307,2025-05-13,2923,paid
307,2025-06-13,2923,paid
308,2024-04-15,195,paid
308,2024-05-15,195,paid
308,2024-06-15,195,paid
308,2024-07-15,195,paid
308,2024-08-15,195,paid
308,2024-09-15,195,failed
308,2024-10-15,195,paid
308,2024-11-15,195,refunded
308,2024-12-15,195,paid
308,2025-01-15,195,paid
308,2025-02-15,195,paid
308,2025-03-15,195,paid
308,2025-04-15,195,paid
308,2025-05-15,195,paid
308,2025-06-15,195,paid
309,2024-10-06,114,paid
309,2024-11-06,114,paid
309,2024-12-06,114,paid
309,2025-01-06,114,failed
309,2025-02-06,114,paid
309,2025-03-06,114,paid
309,2025-04-06,114,paid
309,2025-05-06,114,paid
309,2025-06-06,114,paid
310,2024-04-03,190,paid
310,2024-05-03,190,paid
310,2024-06-03,190,paid
310,2024-07-03,190,paid
310,2024-08-03,190,paid
311,2025-02-28,133,failed
311,2025-03-28,133,paid
311,2025-04-28,133,paid
311,2025-05-28,133,paid
311,2025-06-28,133,paid
312,2024-08-29,1027,failed
312,2024-09-29,1027,paid
312,2024-10-29,1027,paid
312,2024-11-29,1027,paid
312,2024-12-29,1027,paid
312,2025-01-29,1027,paid
312,2025-02-28,1027,paid
313,2024-01-29,1794,paid
313,2024-02-29,1794,paid
313,2024-03-29,1794,refunded
313,2024-04-29,1794,paid
313,2024-05-29,1794,paid
313,2024-06-29,1794,paid
313,2024-07-29,1794,paid
313,2024-08-29,1794,failed
314,2024-05-20,1896,paid
314,2024-06-20,1896,paid
314,2024-07-20,1896,paid
314,2024-08-20,1896,paid
314,2024-09-20,1896,paid
314,2024-10-20,1896,paid
314,2024-11-20,1896,paid
314,2024-12-20,1896,paid
314,2025-01-20,1896,paid
314,2025-02-20,1896,paid
314,2025-03-20,1896,refunded
314,2025-04-20,1896,paid
314,2025-05-20,1896,paid
314,2025-06-20,1896,paid
315,2025-04-25,57,paid
315,2025-05-25,57,paid
315,2025-06-25,57,failed
316,2024-01-20,1833,paid
316,2024-02-20,1833,paid
316,2024-03-20,1833,paid
316,2024-04-20,1833,paid
316,2024-05-20,1833,paid
316,2024-06-20,1833,paid
316,2024-07-20,1833,paid
316,2024-08-20,1833,paid
316,2024-09-20,1833,paid
316,2024-10-20,1833,paid
316,2024-11-20,1833,paid
316,2024-12-20,1833,paid
316,2025-01-20,1833,paid
316,2025-02-20,1833,paid
316,2025-03-20,1833,paid
316,2025-04-20,1833,paid
316,2025-05-20,1833,paid
316,2025-06-20,1833,paid
317,2024-04-23,1365,paid
317,2024-05-23,1365,paid
317,2024-06-23,1365,failed
317,2024-07-23,1365,paid
317,2024-08-23,1365,paid
317,2024-09-23,1365,paid
317,2024-10-23,1365,paid
317,2024-11-23,1365,paid
317,2024-12-23,1365,paid
317,2025-01-23,1365,paid
317,2025-02-23,1365,paid
317,2025-03-23,1365,paid
317,2025-04-23,1365,paid
317,2025-05-23,1365,paid
317,2025-06-23,1365,paid
318,2024-02-18,234,paid
318,2024-03-18,234,paid
318,2024-04-18,234,paid
318,2024-05-18,234,paid
318,2024-06-18,234,paid
318,2024-07-18,234,paid
318,2024-08-18,234,paid
319,2024-03-05,38,failed
319,2024-04-05,38,paid
319,2024-05-05,38,paid
319,2024-06-05,38,paid
319,2024-07-05,38,paid
320,2025-06-11,114,paid
321,2025-03-15,95,paid
321,2025-04-15,95,paid
321,2025-05-15,95,paid
321,2025-06-15,95,paid
322,2025-03-02,1209,paid
322,2025-04-02,1209,refunded
322,2025-05-02,1209,paid
322,2025-06-02,1209,paid
323,2024-03-10,114,paid
323,2024-04-10,114,refunded
323,2024-05-10,114,paid
323,2024-06-10,114,paid
323,2024-07-10,114,paid
323,2024-08-10,114,paid
323,2024-09-10,114,paid
323,2024-10-10,114,paid
323,2024-11-10,114,paid
323,2024-12-10,114,paid
323,2025-01-10,114,paid
323,2025-02-10,114,paid
323,2025-03-10,114,paid
323,2025-04-10,114,paid
323,2025-05-10,114,paid
323,2025-06-10,114,failed
324,2025-01-31,1053,paid
324,2025-02-28,1053,paid
324,2025-03-28,1053,paid
324,2025-04-28,1053,failed
324,2025-05-28,1053,paid
324,2025-06-28,1053,paid
325,2024-03-10,190,paid
325,2024-04-10,190,paid
325,2024-05-10,190,paid
325,2024-06-10,190,paid
325,2024-07-10,190,paid
325,2024-08-10,190,failed
325,2024-09-10,190,paid
325,2024-10-10,190,paid
325,2024-11-10,190,paid
325,2024-12-10,190,paid
325,2025-01-10,190,paid
325,2025-02-10,190,paid
325,2025-03-10,190,paid
325,2025-04-10,190,paid
325,2025-05-10,190,failed
325,2025-06-10,190,paid
326,2024-05-16,312,paid
326,2024-06-16,312,failed
326,2024-07-16,312,paid
326,2024-08-16,312,paid
326,2024-09-16,312,paid
326,2024-10-16,312,paid
326,2024-11-16,312,paid
326,2024-12-16,312,paid
326,2025-01-16,312,paid
326,2025-02-16,312,paid
326,2025-03-16,312,paid
326,2025-04-16,312,paid
326,2025-05-16,312,paid
326,2025-06-16,312,failed
327,2024-06-28,819,paid
327,2024-07-28,819,paid
327,2024-08-28,819,paid
327,2024-09-28,819,paid
327,2024-10-28,819,refunded
327,2024-11-28,819,paid
327,2024-12-28,819,paid
327,2025-01-28,819,paid
327,2025-02-28,819,paid
327,2025-03-28,819,paid
327,2025-04-28,819,failed
327,2025-05-28,819,paid
327,2025-06-28,819,paid
328,2024-05-18,1872,paid
328,2024-06-18,1872,paid
328,2024-07-18,1872,paid
328,2024-08-18,1872,paid
328,2024-09-18,1872,paid
328,2024-10-18,1872,paid
328,2024-11-18,1872,paid
328,2024-12-18,1872,paid
328,2025-01-18,1872,paid
328,2025-02-18,1872,paid
328,2025-03-18,1872,paid
328,2025-04-18,1872,paid
328,2025-05-18,1872,paid
328,2025-06-18,1872,paid
329,2024-10-27,95,paid
329,2024-11-27,95,paid
329,2024-12-27,95,paid
329,2025-01-27,95,paid
329,2025-02-27,95,paid
329,2025-03-27,95,paid
329,2025-04-27,95,paid
329,2025-05-27,95,paid
329,2025-06-27,95,paid
330,2024-11-19,133,failed
330,2024-12-19,133,paid
330,2025-01-19,133,paid
330,2025-02-19,133,paid
331,2024-09-16,38,failed
331,2024-10-16,38,paid
331,2024-11-16,38,paid
331,2024-12-16,38,paid
331,2025-01-16,38,paid
331,2025-02-16,38,paid
331,2025-03-16,38,paid
331,2025-04-16,38,paid
331,2025-05-16,38,paid
331,2025-06-16,38,failed
332,2024-12-31,95,paid
332,2025-01-31,95,paid
332,2025-02-28,95,paid
332,2025-03-28,95,paid
332,2025-04-28,95,paid
332,2025-05-28,95,paid
332,2025-06-28,95,paid
333,2024-05-07,38,paid
333,2024-06-07,38,paid
333,2024-07-07,38,paid
333,2024-08-07,38,paid
333,2024-09-07,38,paid
333,2024-10-07,38,paid
334,2025-01-30,133,paid
334,2025-02-28,133,failed
334,2025-03-28,133,paid
334,2025-04-28,133,paid
334,2025-05-28,133,paid
335,2025-01-11,133,paid
335,2025-02-11,133,paid
335,2025-03-11,133,paid
335,2025-04-11,133,paid
335,2025-05-11,133,paid
335,2025-06-11,133,paid
336,2025-03-16,114,failed
336,2025-04-16,114,paid
336,2025-05-16,114,paid
337,2024-04-15,1599,paid
337,2024-05-15,1599,paid
337,2024-06-15,1599,paid
337,2024-07-15,1599,paid
337,2024-08-15,1599,paid
337,2024-09-15,1599,paid
337,2024-10-15,1599,paid
337,2024-11-15,1599,paid
337,2024-12-15,1599,paid
337,2025-01-15,1599,paid
337,2025-02-15,1599,paid
337,2025-03-15,1599,paid
337,2025-04-15,1599,paid
337,2025-05-15,1599,paid
337,2025-06-15,1599,paid
338,2025-04-01,897,paid
338,2025-05-01,897,paid
338,2025-06-01,897,paid
339,2025-04-02,237,paid
339,2025-05-02,237,paid
339,2025-06-02,237,paid
340,2024-10-08,38,paid
340,2024-11-08,38,failed
340,2024-12-08,38,failed
340,2025-01-08,38,paid
340,2025-02-08,38,paid
340,2025-03-08,38,paid
340,2025-04-08,38,failed
340,2025-05-08,38,paid
341,2025-06-09,1482,paid
342,2024-02-05,1422,paid
342,2024-03-05,1422,paid
342,2024-04-05,1422,paid
342,2024-05-05,1422,paid
342,2024-06-05,1422,paid
342,2024-07-05,1422,paid
342,2024-08-05,1422,paid
342,2024-09-05,1422,paid
342,2024-10-05,1422,paid
342,2024-11-05,1422,paid
342,2024-12-05,1422,paid
342,2025-01-05,1422,paid
342,2025-02-05,1422,paid
342,2025-03-05,1422,paid
342,2025-04-05,1422,paid
342,2025-05-05,1422,paid
342,2025-06-05,1422,paid
343,2025-01-05,1794,paid
343,2025-02-05,1794,paid
343,2025-03-05,1794,paid
343,2025-04-05,1794,paid
344,2025-04-05,57,paid
344,2025-05-05,57,paid
344,2025-06-05,57,paid
345,2024-05-20,95,paid
345,2024-06-20,95,paid
345,2024-07-20,95,paid
345,2024-08-20,95,paid
345,2024-09-20,95,paid
345,2024-10-20,95,paid
345,2024-11-20,95,paid
345,2024-12-20,95,paid
345,2025-01-20,95,paid
345,2025-02-20,95,paid
345,2025-03-20,95,paid
345,2025-04-20,95,paid
345,2025-05-20,95,paid
345,2025-06-20,95,paid
346,2024-09-12,38,failed
346,2024-10-12,38,paid
346,2024-11-12,38,paid
346,2024-12-12,38,paid
346,2025-01-12,38,paid
346,2025-02-12,38,paid
346,2025-03-12,38,paid
346,2025-04-12,38,paid
346,2025-05-12,38,paid
346,2025-06-12,38,paid
347,2025-06-14,95,paid
348,2024-09-23,38,paid
348,2024-10-23,38,paid
348,2024-11-23,38,paid
348,2024-12-23,38,paid
348,2025-01-23,38,paid
348,2025-02-23,38,paid
348,2025-03-23,38,paid
348,2025-04-23,38,paid
348,2025-05-23,38,paid
348,2025-06-23,38,paid
349,2025-05-17,76,paid
349,2025-06-17,76,paid
350,2025-04-07,1326,paid
350,2025-05-07,1326,paid
350,2025-06-07,1326,paid
